ID,Page Title (H1),URL Slug,Primary Keyword,Cluster,Search Intent,H2 Structure & Content Brief,Status (DONE/PENDING),
1,n8n Consulting Services: Enterprise Automation Architects,/n8n/services/consulting/,n8n consulting,SRV,Transactional,"Brief: Flagship service page. Focus on architecture, security, and scalability. H2s: Why Enterprise Needs Strategic Automation; Our Methodology (Audit, Architect, Deploy); Security & Compliance (SOC2/GDPR); Case Studies.",DONE,
2,Zapier to n8n Migration: Reduce Costs by 90%,/n8n/services/zapier-migration/,Zapier to n8n migration,SRV,Commercial,Brief: Compare cost models (Task vs. Workflow). Highlight n8n's loop/logic capabilities. H2s: Hidden Costs of Zapier; Technical Comparison: Linear vs. Flow-Based; Migration Roadmap; ROI Calculator.,DONE,
3,Custom n8n Node Development Services,/n8n/services/custom-nodes/,n8n custom node development,SRV,Commercial,Brief: For SaaS founders/CTOs needing proprietary integrations. H2s: When Built-in Nodes Fail; TypeScript Development Process; Authentication (OAuth2/API Keys); Maintenance & Updates.,DONE,
4,ERPNext & n8n Integration: The Complete Guide,/n8n/services/erpnext-integration/,ERPNext n8n integration,SRV,Commercial,Brief: Focus on India/Gulf. Bridge ERPNext to external tools. H2s: Unlocking ERPNext Webhooks; Automating Finance/Inventory; Connecting to Shopify/WooCommerce; Custom Frappe App Integration.,DONE,
5,Vapi.ai & n8n: Building Autonomous Voice Agents,/n8n/workflows/vapi-voice-ai/,Vapi n8n integration,WFL,Informational,Brief: Technical guide on real-time voice bots. H2s: Voice AI Mechanics; Setting up Vapi Webhooks; Handling Latency; Storing Transcripts in CRM; JSON Formatting for Voice.,DONE,
6,Automated Lead Gen: Apollo.io to Airtable Workflow,/n8n/workflows/apollo-lead-gen/,Apollo to Airtable n8n,WFL,Informational,Brief: Scraping/exporting leads and enriching them. H2s: Modern Outbound Stack; Configuring Apollo API; Data Enrichment/Cleaning; Automated Email Sequencing (Instantly).,DONE,
7,Google Vision OCR & n8n: Invoice Processing Automation,/n8n/workflows/ocr-invoice-processing/,n8n OCR invoice processing,WFL,Informational,"Brief: Ingest PDFs, extract text, map to ERP. H2s: OCR Options (Google Vision vs. Tesseract); Regex Parsing for Data; Handling Confidence Scores; Workflow Template Download.",
8,Real Estate Automation: MLS Data & Skip Tracing,/n8n/industries/real-estate/,real estate automation n8n,IND,Commercial,"Brief: Vertical solution for US/Dubai. ""Just Listed"" to ""Cold Call."" H2s: Automating Property Research; Integrating BatchData/Zillow; Lead Scoring/Routing; Automated Follow-up Sequences.",
9,HIPAA Compliant Automation with Self-Hosted n8n,/n8n/industries/healthcare-hipaa/,HIPAA compliant automation,IND,Commercial,Brief: Critical for US. Self-hosting + encryption = HIPAA. H2s: Why Cloud Fails HIPAA; Architecture for PHI Security; Encryption at Rest/In-Transit; BAA & Compliance.,
10,GDPR Compliant Automation for European Enterprises,/n8n/industries/gdpr-europe/,n8n GDPR compliance,IND,Commercial,Brief: Focus on DACH. Data residency. H2s: Problem with US SaaS; Hosting n8n in Germany (Hetzner); Data Minimization; Audit Logs & Deletion Protocols.,
11,Building AI Agents with LangChain in n8n,/n8n/wiki/langchain-agents/,n8n langchain tutorial,TEC,Informational,"Brief: Deep technical dive. Memory, tools, chains. H2s: Agentic Workflows Intro; Configuring Memory (Window/Vector); Connecting Tools (Search, Calculator); Prompt Engineering.",
12,RAG in n8n: Chat with Your PDFs (Pinecone & OpenAI),/n8n/workflows/rag-pdf-chat/,n8n RAG workflow,WFL,Informational,Brief: Retrieval Augmented Generation tutorial. H2s: Vector Embeddings Explained; Chunking Strategies; Upserting to Pinecone/Qdrant; Building Retrieval Workflow.,
13,"n8n Self-Hosting Guide: Docker, AWS, and Traefik",/n8n/wiki/self-hosting-guide/,self host n8n AWS,TEC,Informational,Brief: Definitive infrastructure guide. H2s: Docker Compose Setup; Reverse Proxy (Traefik/Caddy); SSL (Let's Encrypt); Env Variables Best Practices.,
14,Securing n8n Webhooks: HMAC Signature Verification,/n8n/wiki/webhook-security/,n8n HMAC validation,TEC,Informational,Brief: Establishing technical trust. H2s: Why Webhook Security Matters; Replay Attacks; Implementing HMAC SHA-256 (Crypto Node); Validating Stripe/GitHub.,
15,Automated VAT E-Invoicing for Saudi Arabia (ZATCA),/n8n/industries/saudi-vat-automation/,ZATCA e-invoicing automation,IND,Commercial,Brief: Specific for Gulf market. H2s: Saudi E-Invoicing Mandates; Generating XML UBL 2.1; Integrating ERPNext w/ ZATCA; Error Handling/Validation.,
16,Construction Project Alerts & Tender Automation,/n8n/industries/construction/,construction project automation,IND,Commercial,Brief: Tracking tenders/sub-contractors. H2s: Scoping Project Leads; Automating RFQ Processes; WhatsApp Integration for Site Workers; Google Sheets Dashboards.,
17,n8n for HR: Automating Employee Onboarding,/n8n/workflows/hr-onboarding/,employee onboarding automation,WFL,Informational,"Brief: Contract signature to ""Day 1."" H2s: Onboarding Checklist; Generating Contracts (Google Docs/PDF); Creating Accounts (Slack, Jira, Email); Hardware Provisioning.",
18,Legal Automation: Contract Analysis with GPT-4,/n8n/industries/legal-tech/,legal automation n8n,IND,Commercial,Brief: For legal departments. H2s: Automated NDA Generation; Contract Review using LLMs; Risk Flagging & Redlining; DMS Integration.,
19,E-commerce Logistics: Shopify to 3PL Synchronization,/n8n/industries/ecommerce-logistics/,shopify 3pl automation,IND,Commercial,Brief: High volume use case. H2s: Real-time Inventory Sync; Order Routing to Warehouses; Handling Returns/Refunds; Automated Notifications.,
20,Scaling n8n: Queue Mode & Redis Configuration,/n8n/wiki/scaling-n8n/,n8n queue mode,TEC,Informational,Brief: Advanced DevOps. H2s: When to Scale (Load Metrics); Redis Architecture; Configuring Worker Nodes; Monitoring (Grafana/Prometheus).,
21,Financial Reconciliation: Stripe to Xero/Quickbooks,/n8n/workflows/finance-reconciliation/,stripe xero automation,WFL,Informational,Brief: Finance ops. H2s: Handling Multi-Currency; Mapping Fees/Payouts; Automated Invoice Matching; Month-End Reporting.,
22,Automated SEO Audits: DataForSEO & n8n,/n8n/workflows/seo-audit-automation/,automated seo audit n8n,WFL,Informational,Brief: Agency-specific tool. H2s: Scheduling Crawls; Integrating PageSpeed Insights; Generating PDF Reports; Slack Alerts for Rank Drops.,
23,n8n Audit Service: Performance & Security Review,/n8n/services/workflow-audit/,n8n workflow audit,SRV,Transactional,Brief: Review existing client setups. H2s: Identifying Anti-Patterns; Vulnerability Scanning; Performance Optimization; Documentation Standards.,
24,WhatsApp Business API Automation for Support,/n8n/workflows/whatsapp-automation/,whatsapp automation n8n,WFL,Informational,Brief: Popular in India/Gulf. H2s: Connecting Meta/Twilio API; Building Chatbot Logic; Human Handoff; Handling Media Messages.,
25,Integrating Local LLMs (Ollama) with n8n,/n8n/wiki/local-llm-n8n/,n8n ollama integration,TEC,Informational,Brief: Privacy-focused AI. H2s: Why Run Local Models (Llama 3); Setting up Ollama Server; HTTP Request vs LangChain; Performance (GPU).,
26,Make vs n8n: Why Developers Choose Fair-Code,/n8n/insights/make-vs-n8n/,make vs n8n comparison,INS,Commercial,Brief: Competitor analysis. H2s: Visual Builders Compared; Pricing Models (Operations vs. Executions); Self-Hosting; Extensibility.,
27,Automated Social Media Content Distribution,/n8n/workflows/social-media-automation/,social media automation n8n,WFL,Informational,Brief: Repurposing content. H2s: RSS to Social; AI Caption Generation; Image Resizing; Scheduling for LinkedIn/X.,
28,EdTech Automation: Student Enrollment Systems,/n8n/industries/edtech/,student enrollment automation,IND,Commercial,Brief: India/Global EdTech. H2s: Form Processing; Fee Reminders; LMS Sync; Parent Communication Loops.,
29,Baserow & n8n: Open Source Airtable Alternative,/n8n/workflows/baserow-integration/,baserow n8n integration,WFL,Informational,Brief: Open-source stack. H2s: Why Baserow?; Syncing Webflow Forms; Relational Data; Self-Hosted Database Automation.,
30,Supabase & n8n: Backend Automation for Apps,/n8n/workflows/supabase-backend/,supabase n8n automation,WFL,Informational,Brief: App developers. H2s: Listening to DB Changes (CDC); Auth User Management; Triggering Edge Functions; Data Warehousing.,
31,Automated Cold Outreach (Instantly + n8n),/n8n/workflows/cold-email-automation/,cold email automation n8n,WFL,Informational,Brief: Sales ops. H2s: Warming Domains; Personalizing Copy (AI); Handling Replies/Unsubscribes; CRM Sync.,
32,n8n for Agencies: Client Reporting Automation,/n8n/industries/marketing-agencies/,marketing agency automation,IND,Commercial,Brief: B2B service. H2s: Aggregating Data (Ads/GA4); Generating Looker Dashboards; Automated PDF Reports; Client Onboarding.,
33,Telegram Bot Development with n8n,/n8n/workflows/telegram-bot/,telegram bot n8n,WFL,Informational,Brief: Crypto/tech communities. H2s: BotFather Setup; Webhook Config; Handling Commands/Menus; Group Management.,
34,WooCommerce Order Processing & Fulfillment,/n8n/workflows/woocommerce-automation/,woocommerce n8n workflow,WFL,Informational,Brief: E-commerce. H2s: Order Status Triggers; Generating Shipping Labels; WhatsApp Updates; Inventory Deduction.,
35,SlackOps: Managing Operations via Slack,/n8n/workflows/slack-ops/,slack automation n8n,WFL,Informational,Brief: Internal efficiency. H2s: Slash Commands; Approval Workflows; Daily Standups; Incident Response Alerts.,
36,n8n Error Handling & Retry Strategies,/n8n/wiki/error-handling/,n8n error handling best practices,TEC,Informational,Brief: Robustness focus. H2s: Error Trigger Node; Exponential Backoff; Dead Letter Queues (DLQ); Notifications.,
37,Integrating n8n with Microsoft 365 / Graph API,/n8n/wiki/microsoft-graph-api/,n8n microsoft graph api,TEC,Informational,Brief: Enterprise requisite. H2s: Azure AD App Registration; OAuth2 Flow; Automating Outlook/Teams; SharePoint Files.,
38,Automated Video Processing (FFmpeg & n8n),/n8n/workflows/video-processing/,video automation n8n,WFL,Informational,Brief: Niche value. H2s: Handling Binary Data; FFmpeg Transcoding; Generating Transcripts (Whisper); YouTube Uploads.,
39,Finbyz Tech White Label Automation Services,/n8n/services/white-label/,white label automation services,SRV,Transactional,Brief: For other agencies. H2s: Partnering with Finbyz; Embedded iPaaS; Brand Customization; Support Models.,
40,Automating Recruitment: Resume Parsing (CVs),/n8n/workflows/recruitment-automation/,resume parsing n8n,WFL,Informational,Brief: HR Tech. H2s: Ingesting CVs; PDF Text Extraction; AI Skill Matching; Candidate Scoring in ATS.,
41,Customer Support Triage with Sentiment Analysis,/n8n/workflows/support-triage/,support ticket automation,WFL,Informational,Brief: CX focus. H2s: Analyzing Sentiment (AI); Routing to Tiers; Auto-Drafting Responses; Escalation.,
42,n8n Performance Optimization Guide,/n8n/wiki/performance-tuning/,optimize n8n performance,TEC,Informational,Brief: Technical deep dive. H2s: DB Maintenance (Vacuuming); Pruning Data; Node Memory Mgmt; Concurrency Settings.,
43,Notion & n8n: Building a Second Brain for Business,/n8n/workflows/notion-automation/,notion n8n integration,WFL,Informational,Brief: Knowledge mgmt. H2s: Syncing Calendar to Notion; Content Calendar; CRM in Notion; Backups.,
44,Connecting Legacy Systems via SOAP/XML,/n8n/wiki/legacy-integration/,n8n soap request,TEC,Informational,Brief: Enterprise legacy. H2s: HTTP Request for SOAP; Parsing XML to JSON; Certificates; VPN Tunneling.,
45,Automated Webinar Management (Zoom + CRM),/n8n/workflows/webinar-automation/,zoom automation n8n,WFL,Informational,Brief: Marketing ops. H2s: Registrant Sync; Attendance Tracking; Post-Webinar Follow-up; Certificates.,
46,n8n Training & Corporate Workshops,/n8n/services/training/,n8n corporate training,SRV,Transactional,Brief: Education revenue. H2s: Curriculum Overview; Beginner to Advanced; Custom Workshops; Certification.,
47,SaaS Usage Monitoring & Cost Optimization,/n8n/workflows/saas-monitoring/,saas spend automation,WFL,Informational,Brief: IT Ops. H2s: Tracking API Usage; Alerting on Limits; Identifying Inactive Users; Auto-Deprovisioning.,
48,Building a Client Portal with Softr & n8n,/n8n/workflows/client-portal/,softr n8n integration,WFL,Informational,Brief: No-code frontend. H2s: Syncing Airtable/Softr; User Onboarding; Gating Content; Form Submissions.,
49,Real-Time Stock/Crypto Trading Bots,/n8n/workflows/trading-bot/,crypto trading bot n8n,WFL,Informational,Brief: High volume niche. H2s: Connecting Binance/Coinbase; Analyzing Signals; Executing Orders; Risk Management.,
50,The Finbyz Tech Automation Audit Framework,/n8n/insights/automation-framework/,automation audit framework,INS,Informational,Brief: Thought leadership. H2s: 5 Levels of Automation Maturity; Identifying Bottlenecks; ROI Calculation; Roadmap.,
51,n8n Managed Hosting Services: AWS & Google Cloud,/n8n/services/managed-hosting/,managed n8n hosting,SRV,Transactional,"Why Self-Hosting doesn't mean ""Do It Yourself"", AWS vs. Google Cloud Architecture, Automated Backups & Updates, Security Hardening (SOC2), SLA & Uptime Guarantees","Target CTOs who want n8n's power but don't want to manage Docker containers. Emphasize ""Peace of Mind"" and ""Enterprise-Grade Infrastructure."""
52,DeepSeek R1 & n8n: Building Reasoning AI Agents,/n8n/workflows/deepseek-reasoning-agent/,deepseek n8n integration,WFL,Informational,"The Rise of Reasoning Models, Connecting DeepSeek R1 via API/Ollama, ""Chain of Thought"" Workflow Design, Coding Assistant Workflow, Cost Comparison vs GPT-4","Capitalize on the DeepSeek trend. Explain how to use n8n to harness ""Reasoning"" models for complex tasks like code analysis or legal review."
53,n8n for Logistics: Automating ShipStation & DHL,/n8n/industries/logistics-supply-chain/,logistics automation n8n,IND,Commercial,"The 3PL Data Silo Problem, Syncing ShipStation with ERPNext, Automated Label Generation (DHL/FedEx), Real-Time Tracking Updates via WhatsApp, Returns Management Workflows","Focus on the logistics hubs in Dubai and India. Connect ERPs to shipping carriers to automate the ""last mile"" data flow."
54,Building Multi-Agent Systems with LangGraph in n8n,/n8n/wiki/langgraph-implementation/,n8n langgraph tutorial,TEC,Informational,"Agents vs. Workflows, Implementing Cyclic Graphs in n8n, Shared State Management (Redis), Human-in-the-loop Patterns, Building a Research Team Agent","Advanced technical guide. Show how to implement complex, non-linear agent behaviors using n8n's advanced AI nodes and custom code."
55,ZATCA Phase 2 Implementation: Technical XML Guide,/n8n/wiki/zatca-phase-2-xml/,zatca phase 2 integration technical,TEC,Informational,"Understanding UBL 2.1 Standard, Cryptographic Stamping in n8n, CSR Generation & Onboarding, Handling ZATCA API Errors, Validation Workflow",A deep technical companion to the previous ZATCA sales page. Target developers stuck on the specific XML signing requirements for Saudi e-invoicing.
56,Zoho Books Automation: GST & e-Invoicing for India,/n8n/workflows/zoho-books-gst/,zoho books automation india,WFL,Informational,"Why Zoho Books needs n8n, Automating GSTR-1 Data Prep, Syncing Shopify Sales to Zoho, Vendor Payment Portals, Recurring Invoice Workflows",Highly relevant for the Indian market. Address the specific pain points of GST compliance and high-volume e-commerce reconciliation.
57,Unit Testing for n8n Workflows: A QA Framework,/n8n/wiki/unit-testing-workflows/,n8n unit testing,TEC,Informational,"Why Automation Needs QA, creating ""Mock"" Data Nodes, Asserting Outcomes with Code Nodes, Automated Regression Testing Pipeline, Error Notification Logic","Differentiates ""Professional"" developers from amateurs. Explain how to ensure workflows don't break when APIs change."
58,CI/CD for n8n: Git Integration & Production Deployments,/n8n/wiki/cicd-pipeline/,n8n git workflow,TEC,Informational,"The ""Works on My Machine"" Problem, Setting up n8n Source Control, GitHub Actions for Workflow Promotion, Managing Environment Variables (Dev vs Prod), Rollback Strategies",Critical for enterprise clients. Explain how to treat automation as code with proper versioning and deployment pipelines.
59,Legal Ops Automation: Clio & Document Assembly,/n8n/industries/legal-ops/,legal ops automation clio,IND,Commercial,"The Billable Hour Trap, Integrating Clio with n8n, Automated Client Intake Forms, Document Assembly (DocuSign/PandaDoc), Case Status Updates",Target law firms in US/UK. Focus on reducing administrative overhead to increase billable efficiency.
60,Hospitality Automation: Cloudbeds & Guest Experience,/n8n/industries/hospitality/,hotel automation cloudbeds,IND,Commercial,"The ""Silent Traveler"" Trend, Syncing Cloudbeds with WhatsApp, Automated Check-in/Check-out Links, Housekeeping Alerts via Slack, Upselling Room Service via AI",Target hotels in UAE/Europe. Use cases for improving guest experience without adding staff.
61,Razorpay Payment Capture & Reconciliation Workflow,/n8n/workflows/razorpay-reconciliation/,razorpay n8n webhook,WFL,Informational,"Handling Webhook Signatures, Capturing ""Payment Success"" Events, Updating Order Status in Database, Generating Receipts, Failed Payment Recovery Sequences",Essential for Indian e-commerce. Technical focus on securing the webhook and handling various payment states.
62,Automated Dunning Management: Stripe & Xero,/n8n/workflows/automated-dunning/,dunning management workflow,WFL,Informational,"Recovering Failed Payments, The ""Smart Retry"" Logic, Sending Escalated Email Reminders, Pausing Services automatically, Updating Accounting Records",High ROI workflow. Explain how to recover lost revenue automatically.
63,Procore Integration: RFI & Submittal Automation,/n8n/workflows/procore-automation/,procore n8n integration,WFL,Informational,"Construction Project Chaos, Syncing Procore RFIs to Email/Slack, Automating Drawing Revisions, Weather Delay Logs, Daily Site Report Aggregation",Specific to Construction industry. Connecting the field to the office.
64,HR Tech: Personio & BambooHR Employee Sync,/n8n/workflows/hris-sync-personio/,personio automation n8n,WFL,Informational,"The fragmented HR stack, Syncing Time-off requests to Slack Status, Automated Birthday/Anniversary Bots, Org Chart Updates, Payroll Data Prep",Focus on European (Personio) and US (BambooHR) markets. Employee experience automation.
65,LinkedIn Carousel Generator: Contentdrips & n8n,/n8n/workflows/linkedin-carousel-automation/,linkedin carousel generator n8n,WFL,Informational,"Repurposing Blog Content, formatting JSON for Contentdrips, AI Image Generation for Slides, Scheduling Posts, PDF Export Automation",Marketing automation use case. High visual appeal.
66,n8n Staff Augmentation & Dedicated Teams,/n8n/services/staff-augmentation/,hire n8n developers,SRV,Transactional,"Scaling Automation Capabilities, Vetted n8n Experts, Flexible Engagement Models, IP Protection & NDA, Handover & Training",Service page for agencies or large corps needing temporary expert capacity.
67,n8n vs MuleSoft: An Enterprise Comparison,/n8n/insights/n8n-vs-mulesoft/,n8n vs mulesoft,INS,Commercial,"The Cost of ""Heavy"" Middleware, API Management vs. Workflow Orchestration, Agility & Time-to-Value, When to Switch, Hybrid Architectures",Strategic comparison for enterprise architects. Position n8n as the agile alternative or complement.
68,Advanced Error Handling: The Saga Pattern in n8n,/n8n/wiki/saga-pattern-automation/,n8n error handling saga pattern,TEC,Informational,"Distributed Transactions Explained, Implementing Compensating Transactions, ""Try-Catch"" Logic in n8n, Maintaining Data Consistency, Alerting & Manual Intervention",Very deep technical topic. For developers building mission-critical financial or inventory systems.
69,AI Video Dubbing Pipeline: Whisper + ElevenLabs,/n8n/workflows/ai-video-dubbing/,ai video dubbing workflow,WFL,Informational,"Transcribing with Whisper, Translating Subtitles (DeepL), Voice Cloning with ElevenLabs, Merging Audio/Video with FFmpeg, YouTube Upload",Content creation automation. Complex media handling workflow.
70,Manufacturing IIoT: MQTT to Postgres Data Pipeline,/n8n/industries/manufacturing-iiot/,manufacturing automation mqtt,IND,Commercial,"Bridging OT and IT, Listening to MQTT Topics in n8n, Transforming Sensor Data, Writing to Time-Series DB, Alerting Maintenance Teams","Target German/Global manufacturing. ""Industry 4.0"" use case."
71,Okta SCIM Provisioning with n8n,/n8n/wiki/okta-scim-provisioning/,okta n8n integration,TEC,Informational,"User Lifecycle Management, Listening to Okta Hooks, creating Users in Non-SCIM Apps, Group Sync Logic, Security Best Practices",Security/IT Ops focus. Automating access control for apps that don't natively support SCIM.
72,PagerDuty Incident Response Orchestration,/n8n/workflows/pagerduty-incident-response/,pagerduty n8n workflow,WFL,Informational,"Reducing MTTR, Creating Jira Tickets from Alerts, Creating Slack War Rooms, Fetching Server Logs (SSH), Auto-Remediation Scripts","DevOps use case. ""Self-healing"" infrastructure."
73,Competitor Price Monitoring & Alerting System,/n8n/workflows/price-monitoring-scraper/,competitor price monitoring n8n,WFL,Informational,"Ethical Scraping (ScrapingBee/Apify), Parsing HTML with Cheerio, Detecting Price Changes, dynamic Pricing Updates (Shopify), Slack Alerts",E-commerce strategy workflow. High value for retailers.
74,Podcast Repurposing Engine: Audio to Blog/Social,/n8n/workflows/podcast-repurposing/,podcast repurposing automation,WFL,Informational,"Transcribing Audio, AI Summarization (Chapters/Key Takeaways), Generating Blog Posts, Creating Social Clips, Newsletter Drafting","Content marketing efficiency. ""Create once, distribute everywhere."""
75,Database Migration Services: Excel to Supabase,/n8n/services/database-migration/,excel to supabase migration,SRV,Transactional,"Moving off Spreadsheets, Schema Design, Data Cleaning & Transformation, Building Admin Panels (Retool/Appsmith), Ongoing Sync",Service for SMEs upgrading from Sheets to a real DB.
76,Non-Profit Automation: Donor Management & Receipts,/n8n/industries/non-profit/,non-profit automation n8n,IND,Commercial,"Doing More with Less, Integrating Donorbox/Stripe, Automated Tax Receipts, Volunteer Coordination, Impact Reporting",Niche industry with high need for low-cost efficiency (perfect for n8n).
77,Eventbrite to HubSpot: Event Marketing Sync,/n8n/workflows/event-marketing-sync/,eventbrite hubspot integration,WFL,Informational,"Capturing Registrations, Segmentation by Event Type, Pre-Event Email Sequences, Post-Event Surveys, ROI Tracking",Marketing Ops. Ensuring event data isn't lost.
78,Automated KYB/KYC Verification Workflow,/n8n/workflows/kyc-verification/,automated kyc n8n,WFL,Informational,"Fintech Compliance, Integrating Identity Verification APIs (SumSub/Onfido), Document OCR, Risk Scoring Logic, Manual Review Routing",Fintech/Banking vertical. High compliance requirement.
79,Creating Custom Credential Nodes in n8n,/n8n/wiki/custom-credential-nodes/,n8n custom credential type,TEC,Informational,"Handling OAuth2 Complexity, API Key Headers, Secure Storage of Secrets, Extending the n8n UI, Publishing to Private NPM",Advanced developer guide. Extending n8n's core security capabilities.
80,Slack AI Knowledge Bot (RAG Internal Tools),/n8n/workflows/slack-knowledge-bot/,slack ai bot internal tools,WFL,Informational,"""How do I do X?"" Internal Queries, indexing Notion/Confluence, Vector Search in Pinecone, Slack Block Kit Responses, Feedback Loop",IT/HR support automation. Reducing internal tickets.
81,Shopify Multi-Location Inventory Sync,/n8n/workflows/shopify-inventory-sync/,shopify multi location inventory,WFL,Informational,"Managing OOS (Out of Stock), Syncing with Warehouse Management Systems (WMS), Rule-Based Routing, Inventory Threshold Alerts",Advanced E-commerce. Critical for scaling brands.
82,Insurance Claims Processing Automation,/n8n/industries/insurance/,insurance claims automation,IND,Commercial,"First Notice of Loss (FNOL) Automation, Document Collection via Portal, AI Damage Assessment (Vision API), Claims Routing, Customer Updates",High value enterprise vertical. Reducing claims processing time.
83,Google Reviews Auto-Response with Brand Voice,/n8n/workflows/google-reviews-automation/,google reviews ai response,WFL,Informational,"Monitoring GMB Webhooks, Sentiment Analysis, Generating Contextual Replies (AI), Manager Alerts for 1-Star, Posting Replies",Reputation management for local businesses.
84,Telegram Mini App Backend with n8n,/n8n/workflows/telegram-mini-app/,telegram mini app backend,WFL,Informational,"The ""Super App"" Trend, Handling Web App Data, Authentication via Telegram, Database CRUD Operations, Payment Processing (TON/Stripe)",Crypto/Tech trend. Using n8n as a backend for frontend apps.
85,Legacy System Modernization Services,/n8n/services/legacy-modernization/,legacy system integration services,SRV,Transactional,"Extending Life of Old ERPs, Building API Wrappers around SQL, replacing Batch Jobs with Real-Time, UI Overlays, Data Migration",Targeting established enterprises with technical debt.
86,"Handling Binary Data: Streams, Buffers & Memory",/n8n/wiki/binary-data-handling/,n8n binary data tutorial,TEC,Informational,"How n8n Handles Files, Avoiding Memory Crashes, Streaming Large Files to S3, Image Manipulation (Sharp/GM), PDF Generation","Technical deep dive. solving common ""out of memory"" errors for developers."
87,Automated Meeting Minutes: Zoom to Notion,/n8n/workflows/meeting-minutes-automation/,ai meeting minutes workflow,WFL,Informational,"Fetching Cloud Recordings, Transcribing with Whisper, Extracting Action Items (GPT-4), Creating Notion Pages, Slack Summaries","Internal productivity. Very popular ""starter"" workflow for businesses."
88,B2B Lead Enrichment: Clearbit & PeopleDataLabs,/n8n/workflows/lead-enrichment/,b2b lead enrichment n8n,WFL,Informational,"Turning Email into Profile, Scoring Leads based on Tech Stack, Job Title Normalization, CRM Updates, Territory Assignment",Sales Ops. enhancing data quality.
89,Recruitment Automation: ATS Sync (Greenhouse),/n8n/industries/recruitment-agency/,recruitment automation greenhouse,IND,Commercial,"Candidate Sourcing to ATS, Automated Screening Questions, Interview Scheduling, Feedback Collection, rejection Emails",HR Tech vertical. High volume data processing.
90,WooCommerce Abandoned Cart via WhatsApp,/n8n/workflows/woocommerce-abandoned-cart/,woocommerce whatsapp recovery,WFL,Informational,"Why Email Isn't Enough, Detecting Cart Abandonment, Twilio/WATI Integration, Personalized Recovery Messages, Discount Code Generation",E-commerce conversion optimization. Specific to markets where WhatsApp dominates (India/LatAm).
91,Optimizing PostgreSQL for n8n Performance,/n8n/wiki/postgresql-optimization/,n8n postgres performance,TEC,Informational,"Indexing Execution Data, Vacuuming Strategies, Connection Pooling (PgBouncer), Separation of Concerns (App DB vs n8n DB)",DevOps/DBA focus. Keeping n8n fast at scale.
92,Jira Sprint Reporting & Velocity Tracking,/n8n/workflows/jira-sprint-reporting/,jira automation n8n,WFL,Informational,"Aggregating Issue Data, Calculating Velocity/Burndown, Generating PDF Reports, Emailing Stakeholders, Slack Standup Summaries",Project management efficiency. Better visibility for managers.
93,Dynamic PDF Generation: HTML to PDF,/n8n/workflows/html-to-pdf-generation/,n8n generate pdf,WFL,Informational,"Creating Contracts/Invoices, Using Handlebars for Templating, Puppeteer/Gotenberg Integration, Storing in S3, Emailing Attachments",Core utility workflow. Applicable across many industries.
94,"The Future of ""Agentic"" Automation",/n8n/insights/agentic-automation-trends/,agentic automation future,INS,Thought Leadership,"From ""Flows"" to ""Goals"", Autonomous Error Correction, Multi-Agent Collaboration, The Role of Human Oversight, Strategic Roadmap",Visionary content. Positioning Finbyz as a thought leader.
95,n8n Security Hardening Services (Pen Testing),/n8n/services/security-hardening/,n8n security audit services,SRV,Transactional,"Vulnerability Assessment, Container Security, Network Policies, Credential Rotation, Compliance Reporting",High-ticket service for enterprise/finance clients.
96,Notion Content Calendar to WordPress Sync,/n8n/workflows/notion-wordpress-sync/,notion to wordpress automation,WFL,Informational,"Managing Content in Notion, Mapping Properties to WP Fields, Handling Images/Featured Media, SEO Meta Data Sync, Status Updates",Content marketing workflow. Very popular among creators.
97,Expense Management: Navan/TripActions to ERP,/n8n/workflows/expense-management/,navan expense automation,WFL,Informational,"Retrieving Expense Reports, Categorizing via AI, Receipt Matching, Approval Routing, Syncing to NetSuite/Xero",Finance Ops. Reducing manual data entry.
98,Automotive: Dealership Lead Routing & Follow-up,/n8n/industries/automotive/,automotive lead automation,IND,Commercial,"Aggregating Leads (Cars.com/Autotrader), Round Robin Assignment to Sales Reps, Instant SMS Acknowledgment, CRM Logging, Test Drive Scheduling",Niche industry vertical. High value leads.
99,Multi-Tenant n8n Architecture for SaaS,/n8n/wiki/multi-tenant-architecture/,n8n multi-tenant setup,TEC,Informational,"Serving Multiple Clients with One Instance, Workspace Separation, RBAC Implementation, Resource Quotas, Billing Integration",For SaaS founders building on top of n8n.
100,Telr Payment Gateway Integration (UAE),/n8n/workflows/telr-payment-integration/,telr payment gateway integration,WFL,Informational,"Generating Payment Links, Handling Webhook Responses, Multi-Currency Support, Updating ERPNext/Zoho, Fraud Alerting",Specific to Gulf market. Filling the gap for local payment provider documentation.
101,SAP Integration with n8n: OData vs RFC,/n8n/wiki/sap-integration-odata-rfc/,n8n sap integration,TEC,Informational,"Connecting via OData Adapter, Handling RFC Calls with Python Node, BAPI Authentication Patterns, SAP S/4HANA vs ECC, Error Handling in ERP Syncs",Target enterprise architects. Explain how to bridge modern n8n workflows with legacy SAP systems using OData or custom RFC calls.
102,NetSuite Automation: Running SuiteQL Queries in n8n,/n8n/workflows/netsuite-suiteql-automation/,netsuite suiteql n8n,WFL,Informational,"Token-Based Authentication (TBA), Writing Complex SuiteQL Joins, Handling Pagination in NetSuite, Updating Records via RESTlet, Error Logging to Splunk",Technical guide for NetSuite developers. Focus on using SuiteQL for complex data extraction that standard APIs can't handle.
103,n8n Observability: OpenTelemetry & Langfuse Integration,/n8n/wiki/opentelemetry-tracing/,n8n opentelemetry tracing,TEC,Informational,"Why Tracing Matters for AI Agents, Configuring OTLP Exporter, Visualizing Traces in Jaeger/Datadog, Langfuse for LLM Monitoring, Debugging Latency Bottlenecks",Cutting-edge DevOps topic. Explain how to trace execution paths across distributed systems and monitor AI token usage.
104,Securing n8n with HashiCorp Vault Dynamic Secrets,/n8n/wiki/hashicorp-vault-secrets/,n8n hashicorp vault integration,TEC,Informational,"Static vs Dynamic Secrets, Configuring the Vault Node, Rotating Database Credentials, Injecting Secrets into Containers, Audit Logging for SOC2",Security-focused page. Explain how to remove hardcoded API keys and use Vault to generate short-lived credentials.
105,Advanced RAG: Hybrid Search with Cohere Rerank,/n8n/workflows/advanced-rag-rerank/,n8n rag hybrid search,WFL,Informational,"Semantic vs Keyword Search, Implementing Cohere Rerank in n8n, Optimizing Vector Retrieval (Pinecone/Qdrant), Context Window Management, Citations & Source Tracking",Go beyond basic RAG. Teach how to improve retrieval accuracy using hybrid search and reranking models.1
106,Wafeq Accounting Automation for UAE Businesses,/n8n/integrations/wafeq-accounting/,wafeq automation n8n,WFL,Commercial,"Syncing Shopify Sales to Wafeq, Automating VAT Returns (UAE), Expense Receipt Scanning, Bank Reconciliation Workflows, E-Invoicing Compliance",Hyper-local content for the UAE market. Wafeq is a growing accounting tool in the Gulf; capture this specific demand.
107,Salesforce Bulk API v2 with n8n: High Volume Data Loading,/n8n/wiki/salesforce-bulk-api/,n8n salesforce bulk api,TEC,Informational,"REST vs Bulk API, Creating Bulk Jobs in n8n, Handling CSV Batches, Polling Job Status, Processing Failures & Retries",For enterprise CRM admins. Standard Salesforce nodes fail at 10k+ records; explain the Bulk API pattern.
108,n8n on Kubernetes: Scaling with KEDA Autoscalers,/n8n/wiki/kubernetes-keda-scaling/,n8n kubernetes autoscaling,TEC,Informational,"Event-Driven Autoscaling (KEDA), Monitoring Redis Queue Depth, Configuring Worker Pods, Helm Chart Best Practices, Persistent Storage on K8s",Advanced DevOps. How to auto-scale n8n workers based on the number of pending executions in Redis.
109,Frappe Server Scripts vs n8n: When to Use Which?,/n8n/insights/frappe-vs-n8n/,frappe server script vs n8n,INS,Informational,"Internal vs External Logic, Performance Comparison, Maintenance Overhead, Python vs Low-Code, Hybrid Architecture Examples",Deep dive for the ERPNext community. Help developers decide between internal Frappe scripts and external n8n orchestration.
110,Automated Tender Analysis for Construction (Procore),/n8n/industries/construction-tender-analysis/,procore automation n8n,IND,Commercial,"Ingesting Bid Packages, PDF Parsing with LLMs, Comparing Line Item Costs, Procore RFI Sync, Bid Leveling Reports",Vertical specific (Construction). Automating the pre-construction estimation process.
111,GitOps for n8n: Bi-Directional Sync (Dev/Staging/Prod),/n8n/wiki/gitops-workflow-sync/,n8n gitops workflow,TEC,Informational,"Managing Environments, JSON Export/Import Logic, Handling Credential Mapping, CI/CD Pipeline with GitHub Actions, Rollback Strategies",Enterprise deployment standards. How to move workflows between environments without breaking things.
112,AI Voice Receptionist for Hotels (Cloudbeds + Vapi),/n8n/industries/hotel-voice-ai/,cloudbeds voice ai integration,IND,Commercial,"Handling Room Service Orders, Check-in/Check-out via Voice, Cloudbeds Reservation Lookup, Housekeeping Dispatch, Multilingual Guest Support",Hospitality vertical. Combining Voice AI with Hotel Property Management Systems.
113,Oracle Database Integration: Handling Stored Procedures,/n8n/wiki/oracle-db-stored-procedures/,n8n oracle database integration,TEC,Informational,"Connecting via Thin Client, Executing PL/SQL Blocks, Handling Cursors & Output Parameters, Transaction Management, Security Tunnels",Legacy enterprise tech. Many banks/govs still run on Oracle; show how n8n connects to it.
114,Financial 3-Way Matching Automation (PO-Invoice-Receipt),/n8n/workflows/finance-3-way-matching/,3-way matching automation n8n,WFL,Commercial,"The Reconciliation Pain, Ingesting POs (ERP) & Invoices (OCR), Logic for Line Item Matching, Flagging Discrepancies, Automated Approval Routing",High-value finance use case. Automating Accounts Payable fraud detection and validation.
115,DeepSeek R1 for Coding: An n8n Code Review Agent,/n8n/workflows/deepseek-code-review/,deepseek code review agent,WFL,Informational,"Leveraging ""Reasoning"" Models for Code, GitHub Pull Request Trigger, AST Parsing, Automated Comments & Suggestions, Security Vulnerability Scanning",Developer tool. Using the new DeepSeek model specifically for code quality workflows.
116,Telr Payment Gateway: Automated Refunds & Disputes (UAE),/n8n/workflows/telr-refunds-automation/,telr payment automation uae,WFL,Informational,"Listening for Dispute Webhooks, Validating Refund Rules, Triggering Telr API, Updating ERP/Books, Customer Notifications via SMS",Regional fintech focus. Handling the post-payment lifecycle for UAE merchants.
117,ShipStation to WhatsApp: Delivery Exception Handling,/n8n/workflows/shipstation-whatsapp-exceptions/,shipstation whatsapp notifications,WFL,Informational,"Detecting ""Failed Attempt"" Events, Mapping Carrier Error Codes, Proactive Customer Alerts, Reschedule Delivery Bots, CS Ticket Creation","Logistics CX. Reducing ""Where is my order?"" (WISMO) tickets."
118,Karbon Practice Management: Automating Client Tasks,/n8n/integrations/karbon-accounting/,karbon automation n8n,WFL,Commercial,"Onboarding New Accounting Clients, Creating Karbon Work Items from Typeform, Syncing Email Threads, Document Collection Chasers",Niche vertical: Accounting Firms. Integrating their core practice management tool.
119,Building a Custom n8n Node: The Declarative Style,/n8n/wiki/custom-node-declarative/,create custom n8n node declarative,TEC,Informational,"Why Custom Nodes?, The n8n-nodes-starter Repo, Defining Routing & Operations in JSON, Handling Authentication, Publishing to Private NPM",Technical tutorial. Helping developers extend n8n without writing full TypeScript execution logic.2
120,n8n vs Camunda: When to Use Workflow vs Orchestration,/n8n/insights/n8n-vs-camunda/,n8n vs camunda comparison,INS,Informational,"BPMN vs Node-based, Long-running vs Short-lived Processes, State Management, Human Task Handling, Hybrid Architectures",Architectural comparison for enterprise CIOs deciding on a stack.
121,Handling Binary Data in n8n: Filesystem vs Memory,/n8n/wiki/binary-data-optimization/,n8n binary data best practices,TEC,Informational,"The ""Out of Memory"" Crash, Configuring N8N_DEFAULT_BINARY_DATA_MODE, S3 Offloading for Queue Mode, Streaming Large Files, Compression/Encryption",Performance tuning. Essential for anyone processing images/PDFs at scale.
122,Automated KYB (Know Your Business) for B2B Onboarding,/n8n/workflows/kyb-automation/,kyb automation workflow,WFL,Commercial,"Verifying Company Registry Data, Screening Sanctions Lists (OFAC), Checking Ultimate Beneficial Owners (UBO), Risk Scoring Logic, CRM Sync",Fintech/Compliance. Automating the due diligence process for B2B SaaS/Banking.3
123,ServiceNow Incident Enrichment with n8n,/n8n/integrations/servicenow-enrichment/,servicenow n8n integration,WFL,Commercial,"Listening to New Incidents, Fetching Logs from Splunk/Datadog, Checking Asset Database, AI Root Cause Analysis, Updating Ticket Notes",IT Service Management (ITSM). Reducing MTTR by prepping data for analysts.
124,"Building a ""Plan and Execute"" AI Agent in n8n",/n8n/wiki/plan-execute-agent/,n8n plan and execute agent,TEC,Informational,"Breaking Complex Goals into Tasks, The ReAct Pattern, Loop Control & Max Iterations, Tool Selection Logic, Debugging Agent Thoughts",Advanced AI pattern. Moving beyond simple chains to autonomous problem solving.
125,Tally.so to Airtable: Advanced Form Logic Automation,/n8n/workflows/tally-airtable-logic/,tally form automation n8n,WFL,Informational,"Handling Conditional Form Logic, Multi-Select Mapping, File Upload Sync to Drive, Generating PDFs from Responses, Slack Approvals","Popular ""No-Code"" stack integration. Going deeper than basic Zapier connections."
126,n8n Unit Testing Framework: Assertions & Mocking,/n8n/wiki/workflow-unit-testing/,unit testing n8n workflows,TEC,Informational,"Why Test Workflows?, Creating ""Mock"" Data Triggers, The Assertion Node Pattern, Automated Regression Testing, CI Integration",Quality Assurance for automation. Critical for production-grade setups.
127,Optimizing n8n for High Concurrency: Redis & BullMQ,/n8n/wiki/high-concurrency-tuning/,n8n high concurrency optimization,TEC,Informational,"Understanding the Event Loop, Tuning N8N_CONCURRENCY_PRODUCTION_LIMIT, Redis Persistence Configurations, Worker Thread Isolation, Monitoring Event Lag",Deep DevOps. Tuning the engine for 1000+ executions/minute.
128,Legal Case Research: AI-Powered Precedent Search,/n8n/industries/legal-research-automation/,legal research automation ai,IND,Commercial,"Integrating Legal Databases (Westlaw/LexisNexis APIs), Summarizing Case Law with Claude 3, Generating Research Memos, Citations Checking",LegalTech. Automating the paralegal research workload.
129,Real-Time Inventory Sync: Shopify to ERPNext (Webhooks),/n8n/workflows/shopify-erpnext-inventory/,shopify erpnext inventory sync,WFL,Commercial,"Handling inventory_level.updated Webhooks, Mapping SKUs, Adjusting ERP Stock Ledgers, Handling Multi-Location Stock, Error Queues","E-commerce Ops. Solving the classic ""overselling"" problem."
130,Automated VAT Filing for UK (HMRC MTD Integration),/n8n/workflows/uk-vat-automation/,hmrc mtd automation n8n,WFL,Commercial,"Making Tax Digital (MTD) API, Preparing the 9-Box VAT Return, OAuth2 with HMRC, Submission Validation, Storing Digital Receipts",Regional compliance (UK). Direct integration with government tax APIs.
131,Customer Support Sentiment Triage (Zendesk + GPT-4),/n8n/workflows/zendesk-sentiment-analysis/,zendesk sentiment analysis automation,WFL,Informational,"Analyzing Incoming Ticket Sentiment, Urgent Tagging & Routing, Draft Reply Generation, Churn Risk Detection, Manager Slack Alerts",CX Automation. Prioritizing angry customers automatically.
132,Invoice Ninja Automation: Recurring Billing Workflows,/n8n/workflows/invoice-ninja-automation/,invoice ninja n8n workflows,WFL,Informational,"Client Onboarding to Invoice Ninja, Generating Recurring Invoices, Payment Reminder Sequences, Stripe Payment Sync, Client Portal User Creation",For freelancers/agencies using open-source billing tools.
133,Multi-Tenant SaaS: Automating Workspace Provisioning,/n8n/wiki/multi-tenant-provisioning/,saas tenant provisioning automation,TEC,Informational,"Onboarding New Tenants, Creating Separate Schemas/Databases, Configuring Subdomains (Cloudflare), User Invite Flows, Billing Setup",SaaS Ops. How to build a SaaS backend using n8n.
134,n8n vs Tray.io: Enterprise iPaaS Comparison,/n8n/insights/n8n-vs-tray/,n8n vs tray.io,INS,Commercial,"Pricing Models (Seat vs Execution), Connector Ecosystem, Self-Hosting vs SaaS, visual Logic Builders, API Management Features",Competitor analysis. Positioning against high-cost enterprise iPaaS.
135,"Automated Webinar Funnel: Zoom, ConvertKit, & CRM",/n8n/workflows/webinar-funnel-automation/,zoom webinar automation,WFL,Informational,"Registration Sync, Unique Join Link Distribution, Post-Webinar Segmentation (Attended vs Missed), Automated Follow-up Sequences, CRM Tagging",Marketing Ops. Standard high-conversion webinar flow.
136,Using n8n as a Backend for React/Vue Apps,/n8n/wiki/n8n-as-backend/,n8n as backend api,TEC,Informational,"Webhook as API Endpoint, CORS Configuration, JWT Authentication, Handling JSON Requests/Responses, Latency Considerations",Architectural pattern. Using n8n for rapid backend prototyping.
137,PostgreSQL Data Anonymization for Staging Environments,/n8n/workflows/postgres-data-anonymization/,database anonymization workflow,WFL,Informational,"Copying Prod to Stage, PII Detection & Masking, Faking Names/Emails (Faker.js), Preserving Referential Integrity, Scheduled Syncs",DevOps/Privacy. GDPR compliance for development data.
138,Automated Social Listening & Brand Sentiment Report,/n8n/workflows/social-listening-report/,brand sentiment analysis n8n,WFL,Informational,"Monitoring Reddit/X/LinkedIn, Keyword Filtering, Sentiment Scoring, Daily Digest via Slack/Email, Competitor Mention Alerts",Marketing Analytics. Tracking brand health in real-time.
139,Generating Dynamic PDFs with HTML-to-PDF & n8n,/n8n/workflows/dynamic-pdf-generation/,n8n html to pdf,WFL,Informational,"HTML Templates (Handlebars), Injecting Dynamic Data, Rendering with Puppeteer/Gotenberg, Storing in S3, Emailing Attachments","Utility workflow. Creating contracts, reports, and invoices dynamically."
140,Automated Employee Offboarding: Secure Deprovisioning,/n8n/workflows/employee-offboarding-automation/,offboarding automation workflow,WFL,Informational,"Revoking Access (Google/Slack/Okta), Archiving Emails/Files, Triggering Exit Surveys, Hardware Return Logistics, Payroll Updates",IT/HR Security. Preventing data leaks when staff leave.
141,Building an AI News Aggregator with n8n & RSS,/n8n/workflows/ai-news-aggregator/,ai news aggregator n8n,WFL,Informational,"Ingesting RSS Feeds, Deduplication Logic, AI Summarization & Categorization, Filtering by Relevance, Publishing to Slack/Newsletter",Content curation. Building automated intelligence feeds.
142,Twilio IVR with n8n: Building Phone Menus,/n8n/workflows/twilio-ivr-menu/,twilio ivr n8n,WFL,Informational,"Handling Inbound Calls, DTMF Tones (Keypad Inputs), Routing Logic, Text-to-Speech Responses, Triggering SMS Follow-ups",Telecom automation. Building classic phone support trees.
143,Data Enrichment: Clearbit vs Apollo in n8n,/n8n/insights/clearbit-vs-apollo-n8n/,clearbit vs apollo enrichment,INS,Commercial,"API Costs, Data Accuracy (B2B), n8n Integration Ease, Match Rates, Field Availability (Tech Stack, Funding)",Tool comparison. Helping users choose the right data vendor.
144,Automated Stock Trading: Technical Analysis via n8n,/n8n/workflows/algorithmic-trading-bot/,n8n trading bot workflow,WFL,Informational,"Fetching Candle Data (Binance/Alpaca), Calculating Indicators (RSI/MACD), Order Execution Logic, Risk Management Rules, Telegram Alerts",Fintech/Crypto niche. Building a low-code trading engine.
145,n8n for Managed Service Providers (MSPs): Monitoring,/n8n/industries/msp-automation/,msp automation n8n,IND,Commercial,"Centralized Alerting (RMM to PSA), Automated Remediation Scripts, Client Reporting, Billing Reconciliation, License Management",Industry vertical: MSPs. Improving margins through automation.
146,Integrating Legacy SOAP APIs with n8n,/n8n/wiki/soap-api-integration/,n8n soap request tutorial,TEC,Informational,"Constructing XML Envelopes, Handling WSDL, converting XML to JSON, SOAP Headers & Auth, Debugging SOAP Faults",Legacy integration skill. Essential for banking and old enterprise systems.
147,Automated Podcast Post-Production Workflow,/n8n/workflows/podcast-production-automation/,podcast automation workflow,WFL,Informational,"File Upload Trigger, Audio Leveling (Auphonic), Transcription (Whisper), Show Notes Generation (GPT-4), Publishing to Libsyn/Spotify",Media production. End-to-end publishing automation.
148,User Generated Content (UGC) Moderation Pipeline,/n8n/workflows/content-moderation-ai/,ai content moderation workflow,WFL,Informational,"Image/Text Analysis (Vision API/OpenAI), Flagging NSFW/Hate Speech, Auto-Reject vs Human Review Queue, User Notification",Trust & Safety. Automating community management.
149,ClickUp to Jira Sync: Two-Way Task Synchronization,/n8n/workflows/clickup-jira-sync/,clickup jira two way sync,WFL,Informational,"Mapping Statuses & Fields, Handling Webhooks on Both Ends, Avoiding Infinite Loops, Syncing Comments & Attachments",Project management. Bridging the gap between Product (ClickUp) and Dev (Jira).
150,Automated Certificate Generation & Issuance,/n8n/workflows/certificate-generation/,automated certificate issuance,WFL,Informational,"Trigger from Course Completion, Generating PDF from Template, Emailing Certificate, Storing Record in DB, LinkedIn Share Links",EdTech/Events. Rewarding completion automatically.
151,Supply Chain: Automated Purchase Order Reordering,/n8n/industries/supply-chain-reordering/,purchase order automation,IND,Commercial,"Inventory Low Stock Alerts, Calculating Reorder Quantity, Generating PO PDF, Vendor Email Automation, Update ERP",Supply Chain Ops. Just-in-time inventory automation.
152,n8n Workflow Documentation Generator,/n8n/workflows/workflow-documentation-generator/,n8n workflow documentation tool,WFL,Informational,"Extracting Workflow JSON, AI Summary of Logic, Generating Markdown/Notion Doc, Visualizing Graph, Keeping Docs Up-to-Date","Internal tool. Solving the ""undocumented automation"" problem."
153,Automated Contract Renewal Reminders & Management,/n8n/workflows/contract-renewal-automation/,contract renewal alerts,WFL,Informational,"Tracking Expiry Dates (Airtable/Salesforce), Calculating Notice Periods, Manager Alerts, Auto-Drafting Renewal Emails, Churn Prevention",Sales/Legal Ops. Protecting recurring revenue.
154,Building a WhatsApp Chatbot with n8n & Meta Cloud API,/n8n/workflows/whatsapp-chatbot-meta-api/,whatsapp chatbot n8n meta,WFL,Informational,"Verifying Webhooks, Handling Text/Media Messages, Menu/Button Interaction, Session Management, API Rate Limits",Communication channel. Using the official Meta API directly.
155,Finbyz Tech: White Label n8n Partner Program,/n8n/services/white-label-partner/,white label n8n partnership,SRV,Transactional,"Agency-to-Agency Services, Embedded Integration support, White-labelled User Interface, Dedicated Support Channels, Revenue Sharing",Business development. Offering backend services to other agencies.4
156,Notion as a CMS: Syncing Content to Webflow,/n8n/workflows/notion-to-webflow-cms/,notion webflow sync,WFL,Informational,"Mapping Notion Database to Webflow Collection, Handling Rich Text/Images, Publishing Items, SEO Meta Data Sync",No-Code web dev. Using Notion for content management.
157,Automated Expense Report Processing (Receipts to Xero),/n8n/workflows/expense-report-automation/,expense report automation n8n,WFL,Informational,"Collecting Receipts (Email/Drive), OCR Extraction, Categorization Rules, Creating Bills in Xero/QuickBooks, Approval Slack Messages",Finance Ops. Reducing manual data entry for accountants.
158,Lead Scoring System: Behavior-Based Grading,/n8n/workflows/lead-scoring-system/,behavior lead scoring n8n,WFL,Informational,"Tracking Website Visits/Clicks, Assigning Points, Decay Logic, updating CRM Score, Triggering Sales Alerts for ""Hot"" Leads",Marketing Ops. Qualifying leads based on engagement.
159,Automated Influencer Outreach & Management,/n8n/workflows/influencer-outreach-automation/,influencer marketing automation,WFL,Informational,"Finding Influencers, sending Personalized DMs/Emails, Tracking Replies, Managing Campaign Status, Content Collection",Marketing vertical. Scaling influencer campaigns.
160,Database Backup Automation: Postgres to S3,/n8n/workflows/database-backup-automation/,postgres s3 backup n8n,WFL,Informational,"Scheduled Dump Command, Compressing Output, Uploading to S3/Backblaze, Retention Policy (Deleting Old Backups), Failure Alerts",DevOps utility. Simple disaster recovery workflow.
161,Automated Meeting Prep: Researching Participants,/n8n/workflows/meeting-prep-automation/,meeting prep automation,WFL,Informational,"Calendar Trigger, Extracting Guest Emails, LinkedIn/Clearbit Enrichment, Summarizing Recent News/Tweets, Sending Briefing Email",Productivity. Helping execs prepare for calls.
162,n8n Security Audit Service: Vulnerability Assessment,/n8n/services/security-audit/,n8n security assessment,SRV,Transactional,"Reviewing Node Configurations, Credential Exposure Check, Network Policies, Version Updates, Compliance Report (SOC2/GDPR)",Service page. Auditing existing n8n setups for security risks.6
163,Dynamic Image Generation (Bannerbear + n8n),/n8n/workflows/dynamic-image-generation/,bannerbear n8n tutorial,WFL,Informational,"Template Design, Mapping Text/Images dynamically, Generating Social Media Assets, E-commerce Product Banners, Email Headers",Creative automation. Scaling visual content production.
164,Automated SMS Marketing: Twilio/MessageBird Campaigns,/n8n/workflows/sms-marketing-automation/,sms campaign automation,WFL,Informational,"Segmenting Contacts, Personalizing Message Body, Handling Opt-outs (STOP), Drip Sequences, Delivery Reporting",Marketing channel. High-engagement text messaging.
165,Integrating GraphQL APIs with n8n,/n8n/wiki/graphql-integration/,n8n graphql request,TEC,Informational,"Understanding Queries/Mutations, Constructing GraphQL Requests, Handling Fragments, Pagination in GraphQL, Introspection",Technical skill. Consuming modern APIs like Shopify or GitHub.
166,Automated competitor Analysis: Website Change Detection,/n8n/workflows/competitor-analysis-automation/,competitor website monitoring,WFL,Informational,"Periodic Scraping, Visual Diff/Text Diff, Detecting Pricing Changes, New Feature Launches, Slack/Email Alerts",Business Intelligence. Keeping tabs on the competition.
167,Google Maps Scraper: Local Business Lead Gen,/n8n/workflows/google-maps-scraper/,google maps lead extraction,WFL,Informational,"Defining Search Area, Scraping Business Details (Phone/Website), Filtering by Industry, Enrichment, Export to CSV",Lead Gen. Finding local businesses for outreach.
168,Automated Data Cleaning & Standardization,/n8n/workflows/data-cleaning-automation/,data cleaning workflow,WFL,Informational,"Formatting Phone Numbers (E.164), Fixing Name Capitalization, Validating Emails, Deduplication Logic, Address Standardization",Data Ops. Improving CRM data quality.
169,Stripe Churn Recovery: Failed Payment Workflows,/n8n/workflows/stripe-churn-recovery/,stripe failed payment recovery,WFL,Informational,"Webhook invoice.payment_failed, Personalized Dunning Emails, updating Subscription Status, offering Discount for Update, Slack Alert",Revenue retention. Recovering involuntary churn.
170,Automated SEO Content Brief Generation,/n8n/workflows/seo-content-brief-generator/,seo content brief automation,WFL,Informational,"Keyword Analysis (Semrush/Ahrefs), SERP Analysis, Extracting Competitor Headers, AI Outline Generation, Doc Creation",Content Marketing. Speeding up the writing process.
171,IT Asset Management: Tracking Device Lifecycle,/n8n/industries/it-asset-management/,it asset tracking automation,IND,Commercial,"Procurement Requests, Assignment to Users, Warranty Tracking, Maintenance Schedules, Deprovisioning & Return Logic",IT Ops. Managing hardware inventory.
172,Automated Client Reporting: Agency Analytics,/n8n/workflows/agency-client-reporting/,automated client reports,WFL,Informational,"Aggregating Data (Ads, SEO, Social), Generating Looker/Data Studio PDF, Emailing Client, Internal Performance Alerts",Agency Ops. Reducing monthly reporting time.
173,n8n for Non-Profits: Volunteer Coordination,/n8n/industries/volunteer-management/,nonprofit volunteer automation,IND,Commercial,"Volunteer Application Parsing, Skills Matching, Shift Scheduling, Event Reminders, Impact Reporting",Non-profit vertical. Managing volunteer workforce efficiently.
174,Automated Code Deployment: FTP/SSH Sync,/n8n/workflows/ftp-deployment-automation/,n8n ftp deployment,WFL,Informational,"Git Push Trigger, Checkout Code, Building Assets (npm run build), FTP/SFTP Upload to Server, Cache Clearing",Legacy Web Ops. Deploying sites to shared hosting.
175,Real Estate: Automated Property Valuation Reports,/n8n/workflows/property-valuation-report/,property valuation automation,WFL,Informational,"Address Input, Fetching Comps (Zillow/MLS), Calculating Avg Price/SqFt, Generating PDF Report, Emailing Client",Real Estate. Providing value to homeowners.8
176,WhatsApp to Notion: Personal Quick Capture,/n8n/workflows/whatsapp-to-notion-capture/,whatsapp notion sync,WFL,Informational,"Forwarding Messages/Voice Notes, Transcribing Audio, AI Categorization (Task/Note/Idea), Creating Notion Page, Confirmation Reply",Personal Productivity. Capturing ideas on the go.
177,Automated Customer Feedback Analysis (NPS/CSAT),/n8n/workflows/customer-feedback-analysis/,feedback sentiment analysis,WFL,Informational,"Survey Response Trigger, Sentiment Analysis, Categorizing Feedback (Product/Service), Routing to Teams, Weekly Summary",CX/Product. Listening to customer voice at scale.
178,E-commerce: Automated Returns & RMA Processing,/n8n/workflows/ecommerce-returns-automation/,rma automation workflow,WFL,Informational,"Return Request Form, Validating Order Date/Policy, Generating Return Label, Instructions Email, Warehouse Alert",E-commerce Ops. Streamlining the returns experience.
179,Job Application Auto-Responder & Screening,/n8n/workflows/job-application-screening/,resume screening automation,WFL,Informational,"Form Submission, Parsing Resume, Checking Keywords/Experience, Auto-Reject or Interview Invite, ATS Sync",HR Tech. Handling high-volume job applications.
180,Automated Daily Standup Collection (Slack),/n8n/workflows/daily-standup-automation/,slack standup bot n8n,WFL,Informational,"Scheduled User DM, Collecting Answers (Yesterday/Today/Blockers), Aggregating to Channel, Saving to Notion",Team collaboration. Asynchronous status updates.
181,n8n Performance Tuning: Database Vacuuming & Pruning,/n8n/wiki/database-maintenance/,n8n database maintenance,TEC,Informational,"Understanding n8n Execution Data, Configuring Pruning Variables, Postgres Vacuuming, Disk Space Management, Monitoring DB Size",Maintenance. Keeping the n8n instance healthy.
182,Automated Translation Service (DeepL + n8n),/n8n/workflows/automated-translation-workflow/,deepl translation automation,WFL,Informational,"Text/File Input, Language Detection, DeepL API Translation, Preserving Formatting, Output Delivery",Localization. Translating content at scale.
183,WooCommerce to Google Sheets: Real-Time Order Dashboard,/n8n/workflows/woocommerce-google-sheets-sync/,woocommerce sheets sync,WFL,Informational,"Webhook Trigger, Parsing Line Items, Formatting Data, Appending Row, Dashboard Calculation Updates",Simple E-commerce reporting. Visualizing sales data.
184,Automated Server Monitoring & Alerting,/n8n/workflows/server-monitoring-alerts/,server downtime alert n8n,WFL,Informational,"Periodic Ping/Health Check, Resource Usage Check (SSH), Downtime Detection, Multi-Channel Alert (SMS/Call/Slack)",IT Ops. Basic infrastructure monitoring.
185,Eventbrite to Mailchimp: Attendee Sync,/n8n/workflows/eventbrite-mailchimp-sync/,eventbrite mailchimp integration,WFL,Informational,"New Attendee Trigger, Formatting Tags, Adding/Updating Subscriber, Triggering Welcome Automation",Event Marketing. Building the audience list.
186,Automated Invoice Reminder Sequences,/n8n/workflows/invoice-reminder-automation/,automated invoice reminders,WFL,Informational,"Checking Due Dates, Filtering Unpaid Invoices, Sending Staged Reminders (7 days before, due date, overdue), Escalation",Finance Ops. Getting paid faster.
187,YouTube to Blog: Video Content Repurposing,/n8n/workflows/youtube-to-blog-post/,youtube to blog ai,WFL,Informational,"Fetching Transcript, AI Summarization & restructuring, Generating HTML, Creating WP Draft, Embedding Video",Content Marketing. Turning videos into SEO articles.
188,Automated Password Rotation (Enterprise Security),/n8n/wiki/password-rotation-automation/,automated credential rotation,TEC,Informational,"Generating Strong Passwords, Updating Service/DB User, Storing in Vault, Updating n8n Credentials (API), Notification",Security Ops. Enforcing security policies.
189,Linear to GitHub Sync: Issue Tracking,/n8n/workflows/linear-github-sync/,linear github integration,WFL,Informational,"Issue Created/Updated Trigger, Bi-Directional Sync, Status Mapping, Comment Mirroring, Link Backs",Dev Tools. Syncing PM and Dev platforms.
190,Automated Employee Birthday & Anniversary Celebrations,/n8n/workflows/employee-celebration-bot/,hr celebration automation,WFL,Informational,"Daily Check of HRIS Dates, Calculating Years of Service, Posting to Slack #general, Sending Gift Card (Tremendous API)",HR Culture. Automating morale boosters.
191,HubSpot Data Hygiene: Automated Cleanup,/n8n/workflows/hubspot-data-hygiene/,hubspot data cleaning,WFL,Informational,"Finding Duplicates, Standardizing Case, Validating Emails, Archiving Old Leads, Normalizing State/Country Fields",CRM Ops. Keeping the database clean.
192,Automated Press Monitoring & PR Alerts,/n8n/workflows/press-monitoring-automation/,pr monitoring tool,WFL,Informational,"Google News RSS, Keyword Filtering, Sentiment Check, Slack Alert to PR Team, Weekly Digest",PR/Comms. Tracking media coverage.
193,Notion Project Management: Sprint Rollover Automation,/n8n/workflows/notion-sprint-automation/,notion sprint rollover,WFL,Informational,"Scheduled Trigger (Sprint End), Finding Incomplete Tasks, Moving to Next Sprint, Archiving Completed Sprint, Generating Report",Project Management. Agile ceremonies automation.
194,Automated Vendor Onboarding Workflow,/n8n/workflows/vendor-onboarding-automation/,vendor onboarding workflow,WFL,Informational,"Intake Form, Document Collection (W9/Bank Info), Verification Approval, Creating Vendor in ERP, Welcome Email",Procurement/Finance. Streamlining new supplier setup.
195,Discord Community Management Bot,/n8n/workflows/discord-community-bot/,discord moderation bot n8n,WFL,Informational,"Welcome Message, Role Assignment (Reaction Roles), Keyword Moderation, XP/Leveling System, Announcement Scheduler",Community Management. Automating Discord servers.
196,Automated SEO Rank Tracking & Reporting,/n8n/workflows/seo-rank-tracking-report/,automated seo ranking report,WFL,Informational,"Fetching Rankings (DataForSEO/Semrush), Comparing vs Previous, Highlighting Gains/Losses, Emailing Report",SEO/Marketing. Monitoring search performance.
197,Google Drive File Organization Automation,/n8n/workflows/google-drive-organization/,google drive auto organize,WFL,Informational,"New File Trigger, AI Classification (Filename/Content), Moving to Correct Folder, Renaming Standard, Notification",Digital hygiene. Keeping cloud storage organized.
198,Automated Client Onboarding: Service Agencies,/n8n/workflows/agency-client-onboarding/,agency onboarding automation,WFL,Informational,"Contract Signed Trigger, Creating Project (ClickUp/Asana), Slack Channel Setup, Shared Folder Creation, Welcome Email",Agency Ops. Professionalizing the kickoff experience.
199,Internal Knowledge Base Bot (Slack + Wiki),/n8n/workflows/internal-knowledge-bot/,slack wiki bot,WFL,Informational,"Slash Command Question, Searching Notion/Confluence, AI Answer Synthesis, Source Linking, Feedback Mechanism","Internal Ops. Reducing ""how do I?"" questions."
200,"The Finbyz Tech ""Automation-as-a-Service"" Retainer",/n8n/services/automation-retainer/,automation retainer services,SRV,Transactional,"Ongoing Support & Optimization, Monthly Workflow Credits, SLA-based Incident Response, Strategic Consulting, Proactive Monitoring",Sales page. The recurring revenue model for the agency.
